{
    "buffer_percentage": 20,
    "total_disasters": 58,
    "allocations": {
        "hurricane": {
            "location": "BI",
            "severity": "high",
            "supplies": {
                "food": 46.45161290322581,
                "water": 46.45161290322581,
                "medicine": 3.3548387096774195,
                "shelter": 16.774193548387096
            }
        },
        "earthquake": {
            "location": "Myanmar",
            "severity": "high",
            "supplies": {
                "food": 38.4,
                "water": 38.4,
                "medicine": 4.992,
                "shelter": 16.64
            }
        },
        "wildfire": {
            "location": "California",
            "severity": "high",
            "supplies": {
                "food": 38.70967741935484,
                "water": 54.19354838709677,
                "medicine": 3.3548387096774195,
                "shelter": 16.774193548387096
            }
        },
        "flood": {
            "location": "US",
            "severity": "high",
            "supplies": {
                "food": 30.967741935483872,
                "water": 61.935483870967744,
                "medicine": 3.3548387096774195,
                "shelter": 16.774193548387096
            }
        }
    }
}